Timestamp,Y_Hidung,Y_Posisi_Awal,Status_Gerakan
2026-06-05 18:21:17,185,232,Lompat
2026-06-05 18:21:17,87,232,Lompat
2026-06-05 18:21:17,134,232,Lompat
2026-06-05 18:21:18,301,232,Merunduk
2026-06-05 18:21:18,314,232,Merunduk
2026-06-05 18:21:18,284,232,Merunduk
2026-06-05 18:21:19,159,232,Lompat
2026-06-05 18:21:19,122,232,Lompat
2026-06-05 18:21:19,132,232,Lompat
2026-06-05 18:21:19,146,232,Lompat
2026-06-05 18:21:20,150,232,Lompat
2026-06-05 18:21:20,149,232,Lompat
2026-06-05 18:21:20,148,232,Lompat
2026-06-05 18:21:21,149,232,Lompat
2026-06-05 18:21:21,150,232,Lompat
2026-06-05 18:21:21,151,232,Lompat
2026-06-05 18:21:22,150,232,Lompat
2026-06-05 18:21:22,151,232,Lompat
2026-06-05 18:21:22,151,232,Lompat
2026-06-05 18:21:22,151,232,Lompat
2026-06-05 18:21:23,148,232,Lompat
2026-06-05 18:21:23,106,232,Lompat
2026-06-05 18:21:23,52,232,Lompat
2026-06-05 18:21:24,25,232,Lompat
2026-06-05 18:21:24,35,232,Lompat
2026-06-05 18:21:24,46,232,Lompat
2026-06-05 18:21:24,52,232,Lompat
2026-06-05 18:21:25,50,232,Lompat
2026-06-05 18:21:25,39,232,Lompat
2026-06-05 18:21:25,18,232,Lompat
2026-06-05 18:21:26,36,232,Lompat
2026-06-05 18:21:26,138,232,Lompat
2026-06-05 18:21:26,138,232,Lompat
2026-06-05 18:21:26,155,232,Lompat
2026-06-05 18:21:27,168,232,Lompat
2026-06-05 18:21:27,171,232,Lompat
2026-06-05 18:21:27,166,232,Lompat
2026-06-05 18:21:28,165,232,Lompat
2026-06-05 18:21:28,173,232,Lompat
2026-06-05 18:21:28,175,232,Lompat
2026-06-05 18:21:28,171,232,Lompat
2026-06-05 18:21:29,170,232,Lompat
2026-06-05 18:21:29,169,232,Lompat
2026-06-05 18:21:30,170,232,Lompat
2026-06-05 18:21:30,171,232,Lompat
2026-06-05 18:21:30,172,232,Lompat
2026-06-05 18:21:31,171,232,Lompat
2026-06-05 18:21:31,171,232,Lompat
2026-06-05 18:21:31,171,232,Lompat
2026-06-05 18:21:32,170,232,Lompat
2026-06-05 18:21:32,170,232,Lompat
2026-06-05 18:21:32,170,232,Lompat
2026-06-05 18:21:33,170,232,Lompat
2026-06-05 18:21:33,170,232,Lompat
2026-06-05 18:21:33,169,232,Lompat
2026-06-05 18:21:34,168,232,Lompat
2026-06-05 18:21:34,168,232,Lompat
2026-06-05 18:21:34,166,232,Lompat
2026-06-05 18:21:35,165,232,Lompat
2026-06-05 18:21:35,165,232,Lompat
2026-06-05 18:21:46,153,232,Lompat
2026-06-05 18:21:47,98,232,Lompat
2026-06-05 18:21:47,87,232,Lompat
2026-06-05 18:21:47,99,232,Lompat
2026-06-05 18:21:48,114,232,Lompat
2026-06-05 18:21:48,122,232,Lompat
2026-06-05 18:21:48,127,232,Lompat
2026-06-05 18:21:48,113,232,Lompat
2026-06-05 18:21:49,135,232,Lompat
2026-06-05 18:21:49,135,232,Lompat
2026-06-05 18:21:49,136,232,Lompat
2026-06-05 18:21:50,137,232,Lompat
2026-06-05 18:21:50,124,232,Lompat
2026-06-05 18:21:50,109,232,Lompat
2026-06-05 18:21:51,94,232,Lompat
2026-06-05 18:21:51,92,232,Lompat
2026-06-05 18:21:51,94,232,Lompat
2026-06-05 18:21:51,96,232,Lompat
2026-06-05 18:21:52,93,232,Lompat
2026-06-05 18:21:52,91,232,Lompat
2026-06-05 18:21:52,89,232,Lompat
2026-06-05 18:21:53,90,232,Lompat
2026-06-05 18:21:53,91,232,Lompat
2026-06-05 18:21:53,92,232,Lompat
2026-06-05 18:21:54,93,232,Lompat
2026-06-05 18:21:54,93,232,Lompat
2026-06-05 18:21:54,94,232,Lompat
2026-06-05 18:21:54,94,232,Lompat
2026-06-05 18:21:55,94,232,Lompat
2026-06-05 18:21:55,93,232,Lompat
2026-06-05 18:21:55,93,232,Lompat
2026-06-05 18:21:56,92,232,Lompat
2026-06-05 18:21:56,92,232,Lompat
2026-06-05 18:21:56,92,232,Lompat
2026-06-05 18:21:56,91,232,Lompat
2026-06-05 18:21:57,90,232,Lompat
2026-06-05 18:21:57,78,232,Lompat
2026-06-05 18:21:57,30,232,Lompat
2026-06-05 18:21:58,6,232,Lompat
2026-06-05 18:21:58,148,232,Lompat
2026-06-05 18:21:59,143,232,Lompat
2026-06-05 18:21:59,139,232,Lompat
2026-06-05 18:21:59,137,232,Lompat
2026-06-05 18:22:00,134,232,Lompat
2026-06-05 18:22:00,128,232,Lompat
2026-06-05 18:22:00,125,232,Lompat
2026-06-05 18:22:00,122,232,Lompat
2026-06-05 18:22:01,120,232,Lompat
2026-06-05 18:22:01,120,232,Lompat
2026-06-05 18:22:01,121,232,Lompat
2026-06-05 18:22:02,120,232,Lompat
2026-06-05 18:22:02,135,232,Lompat
2026-06-05 18:22:02,139,232,Lompat
2026-06-05 18:22:03,140,232,Lompat
2026-06-05 18:22:03,140,232,Lompat
2026-06-05 18:22:03,145,232,Lompat
2026-06-05 18:22:04,149,232,Lompat
2026-06-05 18:22:04,154,232,Lompat
2026-06-05 18:22:04,162,232,Lompat
2026-06-05 18:22:05,166,232,Lompat
2026-06-05 18:22:05,167,232,Lompat
2026-06-05 18:22:05,166,232,Lompat
2026-06-05 18:22:05,165,232,Lompat
2026-06-05 18:22:06,164,232,Lompat
2026-06-05 18:22:06,163,232,Lompat
2026-06-05 18:22:06,146,232,Lompat
2026-06-05 18:22:07,136,232,Lompat
2026-06-05 18:22:07,128,232,Lompat
2026-06-05 18:22:07,125,232,Lompat
2026-06-05 18:22:07,124,232,Lompat
2026-06-05 18:22:08,126,232,Lompat
2026-06-05 18:22:08,133,232,Lompat
2026-06-05 18:22:08,134,232,Lompat
2026-06-05 18:22:09,134,232,Lompat
2026-06-05 18:22:09,135,232,Lompat
2026-06-05 18:22:09,142,232,Lompat
2026-06-05 18:22:10,149,232,Lompat
2026-06-05 18:22:10,153,232,Lompat
2026-06-05 18:22:10,154,232,Lompat
2026-06-05 18:22:11,160,232,Lompat
2026-06-05 18:22:11,167,232,Lompat
2026-06-05 18:22:11,167,232,Lompat
2026-06-05 18:22:12,166,232,Lompat
2026-06-05 18:22:12,170,232,Lompat
2026-06-05 18:22:12,170,232,Lompat
2026-06-05 18:22:13,172,232,Lompat
2026-06-05 18:22:13,177,232,Lompat
2026-06-05 18:22:13,177,232,Lompat
2026-06-05 18:22:14,179,232,Lompat
2026-06-05 18:22:14,178,232,Lompat
2026-06-05 18:22:14,178,232,Lompat
2026-06-05 18:22:15,178,232,Lompat
2026-06-05 18:22:15,178,232,Lompat
2026-06-05 18:22:15,177,232,Lompat
2026-06-05 18:22:16,171,232,Lompat
2026-06-05 18:22:16,163,232,Lompat
2026-06-05 18:22:16,162,232,Lompat
2026-06-05 18:22:17,156,232,Lompat
2026-06-05 18:22:17,157,232,Lompat
2026-06-05 18:22:17,158,232,Lompat
2026-06-05 18:22:18,160,232,Lompat
2026-06-05 18:22:18,164,232,Lompat
2026-06-05 18:22:19,165,232,Lompat
2026-06-05 18:22:19,165,232,Lompat
2026-06-05 18:22:19,164,232,Lompat
2026-06-05 18:22:20,162,232,Lompat
2026-06-05 18:22:20,162,232,Lompat
2026-06-05 18:22:20,161,232,Lompat
2026-06-05 18:22:21,161,232,Lompat
2026-06-05 18:22:21,160,232,Lompat
2026-06-05 18:22:29,172,232,Lompat
2026-06-05 18:22:29,172,232,Lompat
2026-06-05 18:22:30,178,232,Lompat
2026-06-05 18:22:31,177,232,Lompat
2026-06-05 18:22:31,176,232,Lompat
2026-06-05 18:22:31,176,232,Lompat
2026-06-05 18:22:32,177,232,Lompat
2026-06-05 18:22:32,177,232,Lompat
2026-06-05 18:22:32,178,232,Lompat
2026-06-05 18:22:33,178,232,Lompat
2026-06-05 18:22:33,178,232,Lompat
2026-06-05 18:42:54,210,166,Merunduk
2026-06-05 18:42:54,224,166,Merunduk
2026-06-05 18:42:54,225,166,Merunduk
2026-06-05 18:42:54,209,166,Merunduk
2026-06-05 18:43:04,248,166,Merunduk
2026-06-05 18:43:04,237,166,Merunduk
2026-06-05 18:43:04,224,166,Merunduk
2026-06-05 18:43:07,213,166,Merunduk
2026-06-05 18:43:07,227,166,Merunduk
2026-06-05 18:43:07,249,166,Merunduk
2026-06-05 18:43:08,104,166,Lompat
2026-06-05 18:43:08,58,166,Lompat
2026-06-05 18:43:09,52,166,Lompat
2026-06-05 18:43:09,15,166,Lompat
2026-06-05 18:43:09,13,166,Lompat
2026-06-05 18:43:09,23,166,Lompat
2026-06-05 18:43:10,21,166,Lompat
2026-06-05 18:43:10,48,166,Lompat
2026-06-05 18:43:10,59,166,Lompat
2026-06-05 18:43:11,90,166,Lompat
2026-06-05 18:43:11,117,166,Lompat
2026-06-05 18:43:11,110,166,Lompat
2026-06-05 18:43:12,105,166,Lompat
2026-06-05 18:43:12,110,166,Lompat
2026-06-05 18:43:12,124,166,Lompat
2026-06-05 18:43:17,209,166,Merunduk
2026-06-05 18:43:17,218,166,Merunduk
2026-06-05 18:43:18,222,166,Merunduk
2026-06-05 18:43:18,208,166,Merunduk
2026-06-05 18:43:32,112,166,Lompat
2026-06-05 18:43:32,40,166,Lompat
2026-06-05 18:43:34,209,166,Merunduk
2026-06-05 18:43:34,212,166,Merunduk
2026-06-05 18:43:35,219,166,Merunduk
2026-06-05 18:43:35,225,166,Merunduk
2026-06-05 18:43:35,245,166,Merunduk
2026-06-05 18:43:36,270,166,Merunduk
2026-06-05 18:43:36,291,166,Merunduk
2026-06-05 18:43:36,269,166,Merunduk
2026-06-05 18:43:37,336,166,Merunduk
2026-06-05 18:43:37,314,166,Merunduk
2026-06-05 18:43:37,227,166,Merunduk
2026-06-05 18:43:38,237,166,Merunduk
2026-06-05 18:43:38,241,166,Merunduk
2026-06-05 18:43:38,244,166,Merunduk
2026-06-05 18:43:39,227,166,Merunduk
2026-06-05 18:43:39,222,166,Merunduk
2026-06-05 18:43:39,221,166,Merunduk
2026-06-05 18:43:40,215,166,Merunduk
2026-06-05 18:43:40,220,166,Merunduk
2026-06-05 18:43:40,222,166,Merunduk
2026-06-05 18:43:40,223,166,Merunduk
2026-06-05 18:43:41,223,166,Merunduk
2026-06-05 18:43:41,224,166,Merunduk
2026-06-05 18:43:41,380,166,Merunduk
2026-06-05 18:43:42,316,166,Merunduk
2026-06-05 18:43:42,306,166,Merunduk
2026-06-05 18:43:46,125,166,Lompat
2026-06-05 18:43:46,125,166,Lompat
2026-06-05 18:43:47,103,166,Lompat
2026-06-05 18:43:47,109,166,Lompat
2026-06-05 18:43:47,113,166,Lompat
2026-06-05 18:43:48,113,166,Lompat
2026-06-05 18:43:48,117,166,Lompat
2026-06-05 18:43:48,118,166,Lompat
2026-06-05 18:43:48,110,166,Lompat
2026-06-05 18:43:49,114,166,Lompat
2026-06-05 18:43:53,227,166,Merunduk
2026-06-05 18:43:54,207,166,Merunduk
2026-06-05 18:43:55,124,166,Lompat
2026-06-05 18:43:56,112,166,Lompat
2026-06-05 18:43:56,110,166,Lompat
2026-06-05 18:44:02,226,166,Merunduk
2026-06-05 18:44:02,255,166,Merunduk
2026-06-05 18:44:02,222,166,Merunduk
2026-06-05 18:44:06,219,166,Merunduk
2026-06-05 18:44:06,283,166,Merunduk
2026-06-05 18:44:06,279,166,Merunduk
2026-06-05 18:44:07,262,166,Merunduk
2026-06-05 18:44:07,246,166,Merunduk
2026-06-05 18:44:07,241,166,Merunduk
2026-06-05 18:44:08,239,166,Merunduk
2026-06-05 18:44:08,236,166,Merunduk
2026-06-05 18:44:08,235,166,Merunduk
2026-06-05 18:44:09,236,166,Merunduk
2026-06-05 18:44:09,240,166,Merunduk
2026-06-05 18:44:09,241,166,Merunduk
2026-06-05 18:44:09,241,166,Merunduk
2026-06-05 18:44:10,241,166,Merunduk
2026-06-05 18:44:10,240,166,Merunduk
2026-06-05 18:44:10,257,166,Merunduk
2026-06-05 18:44:11,244,166,Merunduk
2026-06-05 18:44:11,221,166,Merunduk
2026-06-05 18:44:11,219,166,Merunduk
2026-06-05 18:44:12,217,166,Merunduk
2026-06-05 18:44:14,219,166,Merunduk
2026-06-05 18:44:14,268,166,Merunduk
2026-06-05 18:44:14,269,166,Merunduk
2026-06-05 18:44:15,263,166,Merunduk
2026-06-05 18:44:15,251,166,Merunduk
2026-06-05 18:44:15,227,166,Merunduk
2026-06-05 18:44:16,253,166,Merunduk
2026-06-05 18:44:16,275,166,Merunduk
2026-06-05 18:44:16,258,166,Merunduk
2026-06-05 18:44:17,220,166,Merunduk
2026-06-05 18:44:17,207,166,Merunduk
2026-06-05 18:44:17,208,166,Merunduk
2026-06-05 18:44:18,207,166,Merunduk
2026-06-05 18:44:19,207,166,Merunduk
2026-06-05 18:44:19,207,166,Merunduk
2026-06-05 18:44:19,212,166,Merunduk
2026-06-05 18:44:22,117,166,Lompat
2026-06-05 18:44:22,101,166,Lompat
2026-06-05 18:44:22,99,166,Lompat
2026-06-05 18:44:23,110,166,Lompat
2026-06-05 18:44:23,114,166,Lompat
2026-06-05 18:44:23,114,166,Lompat
2026-06-05 18:44:24,246,166,Merunduk
2026-06-05 18:44:25,214,166,Merunduk
2026-06-05 18:44:25,208,166,Merunduk
2026-06-05 18:44:25,233,166,Merunduk
2026-06-05 18:44:26,231,166,Merunduk
2026-06-05 18:44:26,228,166,Merunduk
2026-06-05 18:44:26,241,166,Merunduk
2026-06-05 19:04:52,311,463,Center,Merunduk
2026-06-05 19:04:52,321,455,Center,Merunduk
2026-06-05 19:04:53,313,267,Center,Merunduk
2026-06-05 19:04:53,310,257,Center,Merunduk
2026-06-05 19:04:54,341,274,Center,Merunduk
2026-06-05 19:04:54,342,281,Center,Merunduk
2026-06-05 19:04:55,293,266,Center,Merunduk
2026-06-05 19:04:57,331,262,Center,Merunduk
2026-06-05 19:04:58,320,279,Center,Merunduk
2026-06-05 19:04:58,325,286,Center,Merunduk
2026-06-05 19:04:59,340,288,Center,Merunduk
2026-06-05 19:04:59,349,286,Center,Merunduk
2026-06-05 19:05:00,323,283,Center,Merunduk
2026-06-05 19:05:00,216,291,Center,Lompat
2026-06-05 19:05:01,201,148,Center,Lompat
2026-06-05 19:05:06,195,208,Left,Geser Kiri
2026-06-05 19:05:08,428,199,Right,Geser Kanan
2026-06-05 19:05:10,455,196,Right,Lompat
2026-06-05 19:05:27,187,198,Left,Geser Kiri
2026-06-05 19:05:28,83,261,Left,Merunduk
2026-06-05 19:05:28,87,462,Left,Merunduk
2026-06-05 19:05:29,103,441,Left,Merunduk
2026-06-05 19:05:33,552,209,Right,Geser Kanan
2026-06-05 19:05:35,426,215,Right,Geser Kanan
2026-06-05 19:05:37,199,207,Left,Geser Kiri
2026-06-05 19:05:42,351,289,Center,Merunduk
2026-06-05 19:05:42,374,378,Center,Merunduk
2026-06-05 19:05:43,376,382,Center,Merunduk
2026-06-05 19:05:43,372,383,Center,Merunduk
2026-06-05 19:05:43,370,385,Center,Merunduk
2026-06-05 19:05:44,364,380,Center,Merunduk
2026-06-05 19:07:20,269,231,Center,Lompat
2026-06-05 19:07:21,369,230,Center,Lompat
2026-06-05 19:07:21,356,229,Center,Lompat
2026-06-05 19:07:21,314,229,Center,Lompat
2026-06-05 19:07:25,321,271,Center,Merunduk
2026-06-05 19:07:26,322,274,Center,Merunduk
2026-06-05 19:07:26,323,261,Center,Merunduk
2026-06-05 19:07:32,333,266,Center,Merunduk
2026-06-05 19:07:33,336,282,Center,Merunduk
2026-06-05 19:07:35,336,239,Center,Lompat
2026-06-05 19:07:43,212,245,Left,Geser Kiri
2026-06-05 19:07:47,433,239,Right,Geser Kanan
2026-06-05 19:07:49,320,209,Center,Lompat
2026-06-05 19:07:54,425,113,Right,Geser Kanan
2026-06-05 19:07:54,300,184,Center,Lompat
2026-06-05 19:08:01,319,240,Center,Lompat
2026-06-05 19:08:01,326,246,Center,Lompat
2026-06-05 19:08:13,327,264,Center,Merunduk
2026-06-05 19:08:14,436,267,Center,Merunduk
2026-06-05 19:08:14,471,258,Center,Merunduk
2026-06-05 19:08:19,303,143,Center,Lompat
2026-06-05 19:08:19,312,210,Center,Lompat
2026-06-05 19:08:20,327,221,Center,Lompat
2026-06-05 19:08:20,328,217,Center,Lompat
2026-06-05 19:08:21,312,212,Center,Lompat
2026-06-05 19:08:21,312,208,Center,Lompat
2026-06-05 19:08:22,216,217,Left,Geser Kiri
2026-06-05 19:08:24,219,209,Left,Geser Kiri
2026-06-05 19:08:26,217,209,Left,Geser Kiri
2026-06-05 19:08:28,427,217,Right,Geser Kanan
2026-06-05 19:08:41,438,226,Right,Geser Kanan
2026-06-05 19:08:46,353,203,Center,Lompat
2026-06-05 19:08:47,354,198,Center,Lompat
2026-06-05 19:08:47,354,184,Center,Lompat
2026-06-05 19:08:48,354,184,Center,Lompat
2026-06-05 19:08:48,356,187,Center,Lompat
2026-06-05 19:08:49,356,188,Center,Lompat
2026-06-05 19:08:49,354,191,Center,Lompat
2026-06-05 19:08:50,204,231,Left,Geser Kiri
2026-06-05 19:08:52,321,244,Center,Lompat
2026-06-05 19:08:53,217,218,Left,Geser Kiri
2026-06-05 19:08:55,425,167,Right,Geser Kanan
2026-06-05 19:08:57,208,117,Left,Geser Kiri
2026-06-05 19:09:09,319,201,Center,Lompat
2026-06-05 19:09:09,320,190,Center,Lompat
2026-06-05 19:09:10,334,195,Center,Lompat
2026-06-05 19:09:14,209,197,Left,Geser Kiri
2026-06-05 19:09:18,432,208,Right,Geser Kanan
2026-06-05 19:09:20,357,191,Center,Lompat
2026-06-05 19:09:21,337,166,Center,Lompat
2026-06-05 19:09:21,335,182,Center,Lompat
2026-06-05 19:09:26,322,270,Center,Merunduk
2026-06-05 19:09:27,314,369,Center,Merunduk
2026-06-05 19:09:31,451,229,Right,Geser Kanan
2026-06-05 19:09:32,435,199,Right,Lompat
2026-06-05 19:09:33,323,464,Right,Merunduk
2026-06-05 19:09:33,308,466,Right,Merunduk
2026-06-05 19:09:34,315,323,Right,Merunduk
2026-06-05 19:09:54,223,196,Left,Geser Kiri
2026-06-05 19:10:05,215,190,Left,Geser Kiri
2026-06-05 19:10:08,349,296,Center,Merunduk
2026-06-05 19:10:08,346,454,Center,Merunduk
2026-06-05 19:10:09,350,367,Center,Merunduk
2026-06-05 19:10:10,328,185,Center,Lompat
2026-06-05 19:10:10,328,154,Center,Lompat
2026-06-05 19:10:11,326,167,Center,Lompat
2026-06-05 19:10:11,447,209,Right,Geser Kanan
2026-06-05 19:10:15,217,203,Left,Geser Kiri
2026-06-05 19:10:17,430,207,Right,Geser Kanan
2026-06-05 19:10:19,370,316,Center,Merunduk
2026-06-05 19:10:19,324,465,Center,Merunduk
2026-06-05 19:10:20,323,434,Center,Merunduk
2026-06-05 19:10:21,166,204,Left,Geser Kiri
2026-06-05 19:10:22,239,216,Left,Lompat
2026-06-05 19:10:22,342,169,Left,Lompat
2026-06-05 19:10:23,364,180,Left,Lompat
2026-06-05 19:10:26,293,188,Center,Lompat
2026-06-05 19:10:27,294,155,Center,Lompat
2026-06-05 19:10:29,287,183,Center,Lompat
2026-06-05 19:10:30,288,158,Center,Lompat
2026-06-05 19:10:33,421,227,Right,Geser Kanan
2026-06-05 19:10:35,180,220,Left,Geser Kiri
2026-06-05 19:10:36,115,267,Left,Merunduk
2026-06-05 19:10:37,177,357,Left,Merunduk
2026-06-05 19:10:41,414,331,Center,Merunduk
2026-06-05 19:10:42,414,371,Center,Merunduk
2026-06-05 19:10:42,385,374,Center,Merunduk
2026-06-05 19:10:43,371,374,Center,Merunduk
2026-06-05 19:10:43,357,374,Center,Merunduk
2026-06-05 19:11:15,206,151,Left,Geser Kiri
2026-06-05 19:11:16,219,172,Left,Geser Kiri
2026-06-05 19:11:20,325,128,Center,Lompat
2026-06-05 19:11:24,317,158,Center,Lompat
2026-06-05 19:11:24,316,131,Center,Lompat
2026-06-05 19:11:25,316,127,Center,Lompat
2026-06-05 19:11:26,417,154,Right,Geser Kanan
2026-06-05 19:11:37,442,165,Right,Geser Kanan
2026-06-05 19:11:39,188,161,Left,Geser Kiri
2026-06-05 19:11:40,422,127,Right,Geser Kanan
2026-06-05 19:11:42,192,133,Left,Geser Kiri
2026-06-05 19:11:49,341,145,Center,Lompat
2026-06-05 19:11:50,340,125,Center,Lompat
2026-06-05 19:11:50,340,122,Center,Lompat
2026-06-05 19:11:51,337,138,Center,Lompat
2026-06-05 19:11:51,432,173,Right,Geser Kanan
2026-06-05 19:11:53,562,279,Right,Merunduk
2026-06-05 19:11:54,563,382,Right,Merunduk
2026-06-05 19:12:09,187,159,Left,Geser Kiri
2026-06-05 19:12:17,436,170,Right,Geser Kanan
2026-06-05 19:12:21,447,178,Right,Geser Kanan
2026-06-05 19:12:36,222,158,Left,Geser Kiri
2026-06-05 19:12:38,418,150,Right,Geser Kanan
2026-06-05 19:12:40,419,176,Right,Geser Kanan
2026-06-05 19:12:43,438,196,Right,Lompat
2026-06-05 19:12:43,453,191,Right,Lompat
2026-06-05 19:12:44,477,194,Right,Lompat
2026-06-05 19:12:44,510,189,Right,Lompat
2026-06-05 19:12:45,221,217,Left,Geser Kiri
2026-06-05 19:12:48,330,167,Center,Lompat
2026-06-05 19:12:49,457,131,Right,Geser Kanan
2026-06-05 19:12:50,280,196,Center,Lompat
2026-06-05 19:12:50,316,186,Center,Lompat
2026-06-05 19:12:51,321,193,Center,Lompat
2026-06-05 19:12:52,318,190,Center,Lompat
2026-06-05 19:12:52,315,189,Center,Lompat
2026-06-05 19:12:53,312,197,Center,Lompat
2026-06-05 19:12:53,311,188,Center,Lompat
2026-06-05 19:12:54,311,186,Center,Lompat
2026-06-05 19:12:54,311,185,Center,Lompat
2026-06-05 19:12:55,312,186,Center,Lompat
2026-06-05 19:12:55,312,185,Center,Lompat
2026-06-05 19:12:56,317,199,Center,Lompat
2026-06-05 19:12:57,317,194,Center,Lompat
2026-06-05 19:12:58,319,199,Center,Lompat
2026-06-05 19:12:58,321,195,Center,Lompat
2026-06-05 19:12:59,320,191,Center,Lompat
2026-06-05 19:12:59,316,207,Center,Lompat
2026-06-05 19:13:00,100,219,Center,Lompat
2026-06-05 19:13:01,97,219,Center,Lompat
2026-06-05 19:13:01,93,219,Center,Lompat
2026-06-05 19:13:01,94,216,Center,Lompat
2026-06-05 19:13:02,95,215,Center,Lompat
2026-06-05 19:13:02,97,215,Center,Lompat
2026-06-05 19:13:03,98,216,Center,Lompat
2026-06-05 19:13:03,96,215,Center,Lompat
2026-06-05 19:13:04,60,213,Left,Geser Kiri
2026-06-05 19:13:11,306,197,Center,Lompat
2026-06-05 19:13:16,419,208,Right,Geser Kanan
2026-06-05 19:13:22,223,197,Left,Geser Kiri
2026-06-05 19:13:23,366,192,Center,Lompat
2026-06-05 19:13:23,366,190,Center,Lompat
2026-06-05 19:13:26,244,133,Center,Lompat
2026-06-05 19:13:28,345,177,Center,Lompat
2026-06-05 19:13:28,319,181,Center,Lompat
2026-06-05 19:13:29,295,179,Center,Lompat
2026-06-05 19:13:29,301,183,Center,Lompat
2026-06-05 19:13:29,310,179,Center,Lompat
2026-06-05 19:13:30,330,176,Center,Lompat
2026-06-05 19:13:32,443,168,Right,Geser Kanan
2026-06-05 19:13:51,230,195,Center,Lompat
2026-06-05 19:13:51,230,203,Center,Lompat
2026-06-05 19:13:52,321,201,Center,Lompat
2026-06-05 19:13:56,210,208,Left,Geser Kiri
2026-06-05 19:13:59,256,270,Center,Merunduk
2026-06-05 19:13:59,207,385,Center,Merunduk
2026-06-05 19:14:04,213,219,Left,Geser Kiri
2026-06-05 19:14:07,358,502,Center,Lompat
2026-06-05 19:14:08,357,468,Center,Merunduk
2026-06-05 19:14:08,356,481,Center,Lompat
2026-06-05 19:14:09,365,459,Center,Merunduk
2026-06-05 19:14:09,370,452,Center,Merunduk
2026-06-05 19:14:10,367,354,Center,Merunduk
2026-06-05 19:14:18,333,206,Center,Lompat
2026-06-05 19:14:19,326,205,Center,Lompat
2026-06-05 19:14:19,320,206,Center,Lompat
2026-06-05 19:14:20,313,207,Center,Lompat
2026-06-05 19:14:20,304,208,Center,Lompat
2026-06-05 19:14:27,431,197,Right,Geser Kanan
2026-06-05 19:14:31,418,196,Right,Geser Kanan
2026-06-05 19:14:32,201,235,Center,Lompat
2026-06-05 19:14:33,215,233,Left,Geser Kiri
2026-06-05 19:14:34,312,196,Center,Lompat
2026-06-05 19:14:34,331,187,Center,Lompat
2026-06-05 19:14:35,351,188,Center,Lompat
2026-06-05 19:14:37,540,388,Center,Merunduk
2026-06-05 19:14:37,548,381,Center,Lompat
2026-06-05 19:14:38,570,394,Center,Lompat
2026-06-05 19:14:38,575,403,Center,Merunduk
2026-06-05 19:14:39,572,407,Center,Merunduk
2026-06-05 19:14:39,571,404,Center,Lompat
2026-06-05 19:14:39,572,404,Center,Lompat
2026-06-05 19:14:40,576,416,Center,Lompat
2026-06-05 19:14:40,577,415,Center,Lompat
2026-06-05 19:14:41,578,403,Center,Merunduk
2026-06-05 19:14:41,578,394,Center,Merunduk
2026-06-05 19:14:42,578,412,Center,Merunduk
2026-06-05 19:14:42,578,413,Center,Merunduk
2026-06-05 19:14:43,578,409,Center,Merunduk
2026-06-05 19:14:43,572,404,Center,Merunduk
2026-06-05 19:14:44,577,403,Center,Merunduk
2026-06-05 19:14:44,594,395,Center,Merunduk
2026-06-05 19:14:45,584,382,Center,Merunduk
2026-06-05 19:14:45,572,380,Center,Merunduk
2026-06-05 19:14:45,575,377,Center,Merunduk
2026-06-05 19:14:46,575,377,Center,Merunduk
2026-06-05 19:14:46,579,383,Center,Merunduk
2026-06-05 19:14:49,418,173,Right,Geser Kanan
2026-06-05 19:14:54,437,158,Right,Lompat
2026-06-05 19:14:55,427,158,Right,Lompat
2026-06-05 19:14:55,428,158,Right,Lompat
2026-06-05 19:14:56,432,167,Right,Lompat
2026-06-05 19:14:57,437,165,Right,Lompat
2026-06-05 19:15:03,417,184,Right,Geser Kanan
2026-06-05 19:15:06,219,194,Left,Geser Kiri
2026-06-05 19:15:07,289,185,Center,Lompat
2026-06-05 19:15:20,322,178,Center,Lompat
2026-06-05 19:15:20,322,170,Center,Lompat
2026-06-05 19:15:21,322,171,Center,Lompat
2026-06-05 19:15:22,221,197,Left,Geser Kiri
2026-06-05 19:15:24,310,256,Center,Merunduk
2026-06-05 19:15:25,264,197,Center,Lompat
2026-06-05 19:15:25,270,205,Center,Lompat
2026-06-05 19:15:25,272,201,Center,Lompat
2026-06-05 19:15:26,266,185,Center,Lompat
2026-06-05 19:15:36,520,167,Right,Geser Kanan
2026-06-05 19:15:50,357,167,Center,Lompat
2026-06-05 19:15:51,347,159,Center,Lompat
2026-06-05 19:15:52,333,158,Center,Lompat
2026-06-05 19:15:53,332,158,Center,Lompat
2026-06-05 19:15:55,332,282,Center,Merunduk
2026-06-05 19:15:56,335,305,Center,Merunduk
2026-06-05 19:15:56,336,322,Center,Merunduk
2026-06-05 19:15:58,184,163,Left,Geser Kiri
2026-06-05 19:16:02,426,180,Right,Geser Kanan
2026-06-05 19:16:03,184,161,Right,Lompat
2026-06-05 19:16:04,204,168,Right,Lompat
2026-06-05 19:16:09,429,217,Right,Geser Kanan
2026-06-05 19:16:21,223,209,Left,Geser Kiri
2026-06-05 19:16:23,310,161,Center,Lompat
2026-06-05 19:16:24,314,162,Center,Lompat
2026-06-05 19:16:25,308,183,Center,Lompat
2026-06-05 19:16:25,314,174,Center,Lompat
2026-06-05 19:16:26,315,181,Center,Lompat
2026-06-05 19:16:27,307,164,Center,Lompat
2026-06-05 19:16:27,323,168,Center,Lompat
2026-06-05 19:16:39,440,201,Right,Geser Kanan
2026-06-05 19:16:44,190,184,Left,Geser Kiri
2026-06-05 19:16:46,308,170,Center,Lompat
2026-06-05 19:16:46,312,152,Center,Lompat
2026-06-05 19:16:47,312,167,Center,Lompat
2026-06-05 19:16:48,211,176,Left,Geser Kiri
2026-06-05 19:16:50,303,164,Center,Lompat
2026-06-05 19:16:50,296,161,Center,Lompat
2026-06-05 19:16:51,344,154,Center,Lompat
2026-06-05 19:16:51,355,147,Center,Lompat
2026-06-05 19:16:52,314,152,Center,Lompat
2026-06-05 19:16:53,315,279,Center,Merunduk
2026-06-05 19:16:53,290,399,Center,Merunduk
2026-06-05 19:16:54,282,412,Center,Merunduk
2026-06-05 19:16:54,296,196,Center,Lompat
2026-06-05 19:16:55,303,189,Center,Lompat
2026-06-05 19:16:56,291,259,Center,Merunduk
2026-06-05 19:16:56,310,202,Center,Lompat
2026-06-05 19:16:57,318,200,Center,Lompat
2026-06-05 19:16:57,213,205,Left,Geser Kiri
2026-06-05 19:16:59,74,183,Left,Lompat
2026-06-05 19:17:00,107,189,Left,Lompat
2026-06-05 19:17:00,443,380,Left,Merunduk
2026-06-05 19:17:01,426,387,Left,Merunduk
2026-06-05 19:17:01,490,440,Left,Lompat
2026-06-05 19:17:02,536,382,Left,Lompat
2026-06-05 19:17:09,302,271,Center,Merunduk
2026-06-05 19:17:10,317,292,Center,Merunduk
2026-06-05 19:17:12,285,126,Center,Lompat
2026-06-05 19:17:12,293,124,Center,Lompat
2026-06-05 19:17:15,393,263,Center,Merunduk
2026-06-05 19:17:16,430,303,Center,Merunduk
2026-06-05 19:17:19,282,191,Center,Lompat
2026-06-05 19:17:23,220,204,Left,Geser Kiri
2026-06-05 19:17:29,420,152,Right,Geser Kanan
2026-06-05 19:17:31,222,150,Left,Geser Kiri
2026-06-05 19:17:33,308,282,Center,Merunduk
2026-06-05 19:17:34,310,314,Center,Merunduk
2026-06-05 19:17:35,204,138,Left,Geser Kiri
2026-06-05 19:17:43,200,180,Left,Geser Kiri
2026-06-05 19:17:49,322,191,Center,Lompat
2026-06-05 19:17:49,322,192,Center,Lompat
2026-06-05 19:17:52,323,193,Center,Lompat
2026-06-05 19:17:52,324,190,Center,Lompat
2026-06-05 19:17:56,286,238,Center,Lompat
2026-06-05 19:17:56,287,237,Center,Lompat
2026-06-05 19:17:56,287,235,Center,Lompat
2026-06-05 19:17:59,312,189,Center,Lompat
2026-06-05 19:18:00,212,241,Center,Lompat
2026-06-05 19:18:01,190,249,Left,Geser Kiri
2026-06-05 19:18:02,419,246,Right,Geser Kanan
2026-06-05 19:18:07,312,177,Center,Lompat
2026-06-05 19:18:08,309,173,Center,Lompat
2026-06-05 19:18:08,307,174,Center,Lompat
2026-06-05 19:18:09,307,175,Center,Lompat
2026-06-05 19:18:09,310,175,Center,Lompat
2026-06-05 19:18:12,311,185,Center,Lompat
2026-06-05 19:18:14,221,230,Left,Geser Kiri
2026-06-05 19:18:15,207,267,Left,Merunduk
2026-06-05 19:18:16,292,222,Center,Lompat
2026-06-05 19:18:16,363,195,Center,Lompat
2026-06-05 19:18:17,366,194,Center,Lompat
2026-06-05 19:18:17,361,187,Center,Lompat
2026-06-05 19:18:18,315,176,Center,Lompat
2026-06-05 19:18:22,315,188,Center,Lompat
2026-06-05 19:18:34,222,212,Left,Geser Kiri
2026-06-05 19:18:36,445,210,Right,Geser Kanan
2026-06-05 19:18:37,517,237,Right,Lompat
2026-06-05 19:18:43,307,198,Center,Lompat
2026-06-05 19:18:44,323,207,Center,Lompat
2026-06-05 19:19:06,347,184,Center,Lompat
2026-06-05 19:19:06,326,179,Center,Lompat
2026-06-05 19:19:12,422,241,Right,Geser Kanan
2026-06-05 19:19:12,476,260,Right,Merunduk
2026-06-05 19:19:15,418,210,Right,Geser Kanan
2026-06-05 19:19:20,444,219,Right,Geser Kanan
2026-06-05 19:19:22,205,227,Left,Geser Kiri
2026-06-05 19:19:23,272,261,Center,Merunduk
2026-06-05 19:19:24,297,362,Center,Merunduk
2026-06-05 19:19:24,307,323,Center,Merunduk
2026-06-05 19:19:25,432,226,Right,Geser Kanan
2026-06-05 19:19:30,332,261,Center,Merunduk
2026-06-05 19:19:30,329,376,Center,Merunduk
2026-06-05 19:19:31,327,279,Center,Merunduk
2026-06-05 19:19:32,201,218,Left,Geser Kiri
2026-06-05 19:19:34,190,216,Left,Geser Kiri
2026-06-05 19:19:35,426,215,Right,Geser Kanan
2026-06-05 19:19:36,380,206,Center,Lompat
2026-06-05 19:19:37,372,183,Center,Lompat
2026-06-05 19:19:37,445,177,Right,Geser Kanan
2026-06-05 19:19:41,424,235,Right,Geser Kanan
2026-06-05 19:19:41,438,288,Right,Merunduk
2026-06-05 19:19:41,506,294,Right,Lompat
2026-06-05 19:19:42,529,341,Right,Lompat
2026-06-05 19:19:42,527,372,Right,Merunduk
2026-06-05 19:19:43,522,375,Right,Merunduk
2026-06-05 19:19:43,460,372,Right,Merunduk
2026-06-05 19:19:44,439,363,Right,Lompat
2026-06-05 19:19:44,431,385,Right,Merunduk
2026-06-05 19:19:45,512,396,Right,Merunduk
2026-06-05 19:19:45,499,382,Right,Merunduk
2026-06-05 19:19:45,503,371,Right,Merunduk
2026-06-05 19:19:46,450,361,Right,Merunduk
2026-06-05 19:19:46,446,356,Right,Merunduk
2026-06-05 19:19:47,450,357,Right,Merunduk
2026-06-05 19:19:47,455,352,Right,Merunduk
2026-06-05 19:19:48,451,347,Right,Merunduk
2026-06-05 19:19:48,452,351,Right,Merunduk
2026-06-05 19:19:49,455,353,Right,Merunduk
2026-06-05 19:19:49,451,356,Right,Lompat
2026-06-05 19:19:49,440,345,Right,Merunduk
2026-06-05 19:19:50,481,335,Right,Merunduk
2026-06-05 19:19:50,479,335,Right,Merunduk
2026-06-05 19:19:51,484,337,Right,Lompat
2026-06-05 19:19:51,488,345,Right,Merunduk
2026-06-05 19:19:52,488,359,Right,Merunduk
2026-06-05 19:19:52,488,363,Right,Merunduk
2026-06-05 19:19:53,487,364,Right,Merunduk
2026-06-05 19:19:53,488,364,Right,Merunduk
2026-06-05 19:19:54,488,364,Right,Merunduk
2026-06-05 19:19:54,489,365,Right,Merunduk
2026-06-05 19:19:55,489,367,Right,Merunduk
2026-06-05 19:19:55,489,368,Right,Merunduk
2026-06-05 19:19:55,489,368,Right,Merunduk
2026-06-05 19:19:56,488,368,Right,Merunduk
2026-06-05 19:19:56,488,368,Right,Merunduk
2026-06-05 19:19:57,488,369,Right,Merunduk
2026-06-05 19:19:57,488,369,Right,Merunduk
2026-06-05 19:19:58,486,368,Right,Merunduk
2026-06-05 19:19:58,485,369,Right,Merunduk
2026-06-05 19:19:58,486,369,Right,Merunduk
2026-06-05 19:19:59,483,369,Right,Merunduk
2026-06-05 19:19:59,481,365,Right,Merunduk
2026-06-05 19:20:00,482,364,Right,Merunduk
2026-06-05 19:20:00,482,366,Right,Merunduk
2026-06-05 19:20:01,490,366,Right,Merunduk
2026-06-05 19:20:01,555,370,Right,Merunduk
2026-06-05 19:20:02,567,368,Right,Merunduk
2026-06-05 19:20:02,568,372,Right,Merunduk
2026-06-05 19:20:02,560,373,Right,Merunduk
2026-06-05 19:20:03,556,374,Right,Merunduk
2026-06-05 19:20:03,555,374,Right,Merunduk
2026-06-05 19:20:04,559,374,Right,Merunduk
2026-06-05 19:20:04,557,377,Right,Merunduk
2026-06-05 19:20:05,536,378,Right,Merunduk
2026-06-05 19:20:05,549,376,Right,Merunduk
2026-06-05 19:20:06,484,353,Right,Merunduk
2026-06-05 19:20:06,477,346,Right,Merunduk
2026-06-05 19:20:07,478,345,Right,Merunduk
2026-06-05 19:20:07,465,343,Right,Merunduk
2026-06-11 10:04:24,823,434,Center,Merunduk
2026-06-11 10:04:24,321,358,Center,Lompat
2026-06-11 10:04:25,310,416,Center,Merunduk
2026-06-11 10:04:25,319,425,Center,Merunduk
2026-06-11 10:04:25,333,422,Center,Merunduk
2026-06-11 10:04:26,336,358,Center,Merunduk
2026-06-11 10:04:26,324,357,Center,Merunduk
2026-06-11 10:04:27,325,377,Center,Merunduk
2026-06-11 10:04:27,318,381,Center,Merunduk
2026-06-11 10:04:28,301,347,Center,Lompat
2026-06-11 10:04:28,304,343,Center,Lompat
2026-06-11 10:04:28,311,341,Center,Lompat
2026-06-11 10:04:29,311,340,Center,Lompat
2026-06-11 10:04:29,310,345,Center,Lompat
2026-06-11 10:04:30,308,349,Center,Lompat
2026-06-11 10:04:30,312,354,Center,Lompat
2026-06-11 10:04:31,311,356,Center,Lompat
2026-06-11 10:04:31,317,356,Center,Lompat
2026-06-11 10:04:31,321,357,Center,Lompat
2026-06-11 10:04:32,315,358,Center,Lompat
2026-06-11 10:04:32,311,364,Center,Lompat
2026-06-11 10:04:33,309,384,Center,Merunduk
2026-06-11 10:04:33,310,386,Center,Merunduk
2026-06-11 10:04:34,288,392,Center,Merunduk
2026-06-11 10:04:34,270,393,Center,Merunduk
2026-06-11 10:08:16,247,410,Center,Merunduk
2026-06-11 10:08:16,248,406,Center,Lompat
2026-06-11 10:08:17,246,400,Center,Lompat
2026-06-11 10:08:17,251,397,Center,Lompat
2026-06-11 10:08:18,247,386,Center,Merunduk
2026-06-11 10:08:18,231,278,Center,Merunduk
2026-06-11 10:08:18,232,275,Center,Merunduk
2026-06-11 10:08:19,233,310,Center,Merunduk
2026-06-11 10:08:19,230,322,Center,Lompat
2026-06-11 10:08:20,218,319,Center,Lompat
2026-06-11 10:08:20,227,319,Center,Lompat
2026-06-11 10:08:21,226,312,Center,Lompat
2026-06-11 10:08:21,224,311,Center,Lompat
2026-06-11 10:08:21,223,309,Center,Lompat
2026-06-11 10:08:22,227,309,Center,Lompat
2026-06-11 10:08:22,229,305,Center,Lompat
2026-06-11 10:08:23,231,302,Center,Lompat
2026-06-11 10:08:23,231,301,Center,Lompat
2026-06-11 10:08:23,231,313,Center,Merunduk
2026-06-11 10:08:24,237,331,Center,Merunduk
2026-06-11 10:08:24,238,335,Center,Merunduk
2026-06-11 10:08:25,301,333,Center,Merunduk
2026-06-11 10:08:25,305,333,Center,Merunduk
2026-06-11 10:08:25,191,339,Center,Merunduk
2026-06-11 10:08:26,158,344,Center,Merunduk
2026-06-11 10:08:26,147,344,Center,Merunduk
2026-06-11 10:08:27,135,349,Center,Merunduk
2026-06-11 10:08:27,133,350,Center,Merunduk
2026-06-11 10:08:28,142,347,Center,Merunduk
2026-06-11 10:08:28,143,347,Center,Merunduk
2026-06-11 10:08:28,175,346,Center,Merunduk
2026-06-11 10:08:29,190,341,Center,Merunduk
2026-06-11 10:08:29,195,340,Center,Merunduk
2026-06-11 10:08:30,197,339,Center,Merunduk
2026-06-11 10:08:30,214,334,Center,Merunduk
2026-06-11 10:08:30,219,325,Center,Merunduk
2026-06-11 10:08:31,220,315,Center,Merunduk
2026-06-11 10:08:31,218,317,Center,Merunduk
2026-06-11 10:08:32,217,319,Center,Merunduk
2026-06-11 10:08:32,220,321,Center,Merunduk
2026-06-11 10:08:32,221,321,Center,Merunduk
2026-06-11 10:08:33,224,319,Center,Merunduk
2026-06-11 10:08:33,224,319,Center,Merunduk
2026-06-11 10:08:34,223,311,Center,Merunduk
2026-06-11 10:08:34,221,210,Left,Geser Kiri
2026-06-11 10:08:37,417,167,Right,Geser Kanan
2026-06-11 10:08:39,462,328,Center,Merunduk
2026-06-11 10:08:40,435,319,Center,Merunduk
2026-06-11 10:08:40,425,316,Center,Merunduk
2026-06-11 10:08:41,413,313,Center,Merunduk
2026-06-11 10:08:41,407,310,Center,Merunduk
2026-06-11 10:08:42,404,320,Center,Merunduk
2026-06-11 10:08:42,428,318,Center,Lompat
2026-06-11 10:08:42,426,316,Center,Lompat
2026-06-11 10:08:43,430,315,Center,Merunduk
2026-06-11 10:08:43,441,317,Center,Lompat
2026-06-11 10:08:44,443,324,Center,Merunduk
2026-06-11 10:08:44,444,325,Center,Merunduk
2026-06-11 10:08:45,437,317,Center,Merunduk
2026-06-11 10:08:45,409,314,Center,Merunduk
2026-06-11 10:08:46,411,320,Center,Merunduk
2026-06-11 10:08:46,446,321,Center,Merunduk
2026-06-11 10:08:46,446,320,Center,Merunduk
2026-06-11 10:08:47,445,320,Center,Merunduk
2026-06-11 10:08:47,443,322,Center,Merunduk
2026-06-11 10:08:48,448,321,Center,Merunduk
2026-06-11 10:08:48,450,322,Center,Merunduk
2026-06-11 10:08:49,451,323,Center,Merunduk
2026-06-11 10:08:49,450,323,Center,Merunduk
2026-06-11 10:08:50,452,323,Center,Merunduk
2026-06-11 10:08:50,455,322,Center,Merunduk
2026-06-11 10:08:50,455,322,Center,Merunduk
2026-06-11 10:08:51,456,322,Center,Merunduk
2026-06-11 10:08:51,457,324,Center,Merunduk
2026-06-11 10:08:52,452,301,Center,Merunduk
2026-06-11 10:08:52,271,314,Center,Merunduk
2026-06-11 10:08:53,15,321,Center,Merunduk
2026-06-11 10:08:53,23,438,Center,Lompat
2026-06-11 10:08:53,-38,409,Center,Lompat
2026-06-11 10:08:54,211,305,Center,Merunduk
2026-06-11 10:08:54,211,306,Center,Merunduk
2026-06-11 10:08:55,205,306,Center,Merunduk
2026-06-11 10:08:55,216,306,Center,Merunduk
2026-06-11 10:08:56,248,307,Center,Merunduk
2026-06-11 10:08:56,260,312,Center,Merunduk
2026-06-11 10:08:57,74,347,Center,Merunduk
2026-06-11 10:08:57,150,316,Center,Merunduk
2026-06-11 10:08:57,106,301,Center,Merunduk
2026-06-11 10:08:58,175,322,Center,Merunduk
2026-06-11 10:08:58,140,333,Center,Merunduk
2026-06-11 10:08:59,136,330,Center,Merunduk
2026-06-11 10:08:59,134,328,Center,Lompat
2026-06-11 10:09:00,217,336,Center,Merunduk
2026-06-11 10:09:00,195,342,Center,Merunduk
2026-06-11 10:09:00,222,331,Center,Merunduk
2026-06-11 10:09:01,211,338,Center,Merunduk
2026-06-11 10:09:01,225,330,Center,Merunduk
2026-06-11 10:09:02,237,334,Center,Merunduk
2026-06-11 10:09:02,243,333,Center,Merunduk
2026-06-11 10:09:03,301,332,Center,Lompat
2026-06-11 10:09:03,301,329,Center,Lompat
2026-06-11 10:09:03,299,330,Center,Lompat
2026-06-11 10:09:04,300,327,Center,Lompat
2026-06-11 10:09:04,307,320,Center,Merunduk
2026-06-11 10:09:05,313,319,Center,Merunduk
2026-06-11 10:09:05,319,319,Center,Merunduk
2026-06-11 10:09:06,323,318,Center,Merunduk
2026-06-11 10:09:06,308,319,Center,Merunduk
2026-06-11 10:09:07,304,322,Center,Lompat
2026-06-11 10:09:07,306,320,Center,Merunduk
2026-06-11 10:09:08,351,285,Center,Merunduk
2026-06-11 10:09:09,374,263,Center,Merunduk
2026-06-11 10:09:09,375,261,Center,Merunduk
2026-06-11 10:09:21,307,212,Center,Lompat
2026-06-11 10:09:22,308,206,Center,Lompat
2026-06-11 10:09:22,310,205,Center,Lompat
2026-06-11 10:09:23,311,206,Center,Lompat
2026-06-11 10:09:23,313,206,Center,Lompat
2026-06-11 10:09:24,313,207,Center,Lompat
2026-06-11 10:09:24,313,207,Center,Lompat
2026-06-11 10:09:26,209,213,Left,Geser Kiri
2026-06-11 10:09:32,314,212,Center,Lompat
2026-06-11 10:09:32,314,209,Center,Lompat
2026-06-11 10:09:33,314,207,Center,Lompat
2026-06-11 10:09:33,315,207,Center,Lompat
2026-06-11 10:09:35,261,264,Center,Merunduk
2026-06-11 10:09:35,254,315,Center,Merunduk
2026-06-11 10:09:36,262,314,Center,Merunduk
2026-06-11 10:09:36,264,315,Center,Merunduk
2026-06-11 10:09:37,264,312,Center,Merunduk
2026-06-11 10:09:37,264,309,Center,Merunduk
2026-06-11 10:09:56,313,209,Center,Lompat
2026-06-11 10:09:56,318,205,Center,Lompat
2026-06-11 10:09:57,323,205,Center,Lompat
2026-06-11 10:09:57,319,205,Center,Lompat
2026-06-11 10:09:58,305,205,Center,Lompat
2026-06-11 10:09:58,306,205,Center,Lompat
2026-06-11 10:09:58,306,206,Center,Lompat
2026-06-11 10:10:12,305,221,Center,Lompat
2026-06-11 10:10:23,303,213,Center,Lompat
2026-06-11 10:10:23,302,212,Center,Lompat
2026-06-11 10:10:24,303,211,Center,Lompat
2026-06-11 10:10:24,304,210,Center,Lompat
2026-06-11 10:10:25,305,210,Center,Lompat
2026-06-11 10:10:25,306,210,Center,Lompat
2026-06-11 10:10:26,306,209,Center,Lompat
2026-06-11 10:10:26,307,208,Center,Lompat
2026-06-11 10:10:27,308,208,Center,Lompat
2026-06-11 10:10:27,308,208,Center,Lompat
2026-06-11 10:10:27,308,208,Center,Lompat
2026-06-11 10:10:28,308,208,Center,Lompat
2026-06-11 10:10:36,334,221,Center,Lompat
2026-06-11 10:10:36,335,220,Center,Lompat
2026-06-11 10:10:37,338,220,Center,Lompat
2026-06-11 10:10:37,338,219,Center,Lompat
2026-06-11 10:10:38,338,218,Center,Lompat
2026-06-11 10:10:38,337,218,Center,Lompat
2026-06-11 10:10:38,337,217,Center,Lompat
2026-06-11 10:10:39,334,217,Center,Lompat
2026-06-11 10:10:39,324,216,Center,Lompat
2026-06-11 10:10:40,322,216,Center,Lompat
2026-06-11 10:10:40,322,215,Center,Lompat
2026-06-11 10:10:41,321,214,Center,Lompat
2026-06-11 10:10:41,318,213,Center,Lompat
2026-06-11 10:10:42,318,214,Center,Lompat
2026-06-11 10:10:42,318,215,Center,Lompat
2026-06-11 10:11:38,307,209,Center,Lompat
2026-06-11 10:11:38,307,205,Center,Lompat
2026-06-11 10:11:39,308,204,Center,Lompat
2026-06-11 10:11:41,450,233,Right,Geser Kanan
2026-06-11 10:11:55,321,209,Center,Lompat
2026-06-11 10:11:56,320,207,Center,Lompat
2026-06-11 10:11:57,320,207,Center,Lompat
2026-06-11 10:11:57,320,205,Center,Lompat
2026-06-11 10:11:58,319,204,Center,Lompat
2026-06-11 10:11:58,319,204,Center,Lompat
2026-06-11 10:12:01,328,212,Center,Lompat
2026-06-11 10:12:02,326,207,Center,Lompat
2026-06-11 10:12:02,326,205,Center,Lompat
2026-06-11 10:12:04,418,220,Right,Geser Kanan
2026-06-11 10:12:05,408,269,Right,Merunduk
2026-06-11 10:12:05,356,313,Right,Merunduk
2026-06-11 10:12:06,354,296,Right,Merunduk
2026-06-11 10:12:09,204,228,Left,Geser Kiri
2026-06-11 10:12:10,216,224,Left,Lompat
2026-06-11 10:12:11,313,208,Left,Lompat
2026-06-11 10:12:11,325,208,Left,Lompat
2026-06-11 10:12:12,335,216,Center,Lompat
2026-06-11 10:12:13,334,206,Center,Lompat
2026-06-11 10:12:25,420,223,Right,Geser Kanan
2026-06-11 10:12:27,423,198,Right,Geser Kanan
2026-06-11 10:12:47,392,220,Center,Lompat
2026-06-11 10:12:47,490,217,Center,Lompat
2026-06-11 10:12:48,481,218,Center,Lompat
2026-06-11 10:12:48,478,220,Center,Lompat
2026-06-11 10:12:49,497,223,Center,Lompat
2026-06-11 10:12:49,499,222,Center,Lompat
2026-06-11 10:12:50,494,221,Center,Lompat
2026-06-11 10:12:50,498,221,Center,Lompat
2026-06-11 10:12:51,501,222,Center,Lompat
2026-06-11 10:12:51,503,223,Right,Geser Kanan
2026-06-11 10:12:53,513,227,Right,Lompat
2026-06-11 10:12:53,536,229,Right,Lompat
2026-06-11 10:12:54,548,230,Right,Lompat
2026-06-11 10:12:54,545,230,Right,Lompat
2026-06-11 10:12:54,546,231,Right,Lompat
2026-06-11 10:12:55,547,232,Right,Lompat
2026-06-11 10:12:55,546,232,Right,Lompat
2026-06-11 10:12:56,533,233,Right,Lompat
2026-06-11 10:12:56,515,225,Right,Lompat
2026-06-11 10:13:00,342,267,Center,Merunduk
2026-06-11 10:13:00,358,292,Center,Merunduk
2026-06-11 10:13:01,369,290,Center,Merunduk
2026-06-11 10:13:01,366,292,Center,Merunduk
2026-06-11 10:13:02,375,292,Center,Merunduk
2026-06-11 10:13:02,376,289,Center,Merunduk
2026-06-11 10:13:03,373,288,Center,Merunduk
2026-06-11 10:13:03,378,289,Center,Merunduk
2026-06-11 10:13:04,377,289,Center,Merunduk
2026-06-11 10:13:04,377,290,Center,Merunduk
2026-06-11 10:13:05,376,289,Center,Merunduk
2026-06-11 10:13:05,377,289,Center,Merunduk
2026-06-11 10:13:06,378,288,Center,Merunduk
2026-06-11 10:13:06,381,286,Center,Merunduk
2026-06-11 10:13:06,484,256,Center,Merunduk
2026-06-11 10:13:07,517,233,Right,Geser Kanan
2026-06-11 10:13:17,184,227,Left,Geser Kiri
2026-06-11 10:13:24,282,256,Center,Merunduk
2026-06-11 10:13:25,287,322,Center,Merunduk
2026-06-11 10:13:25,287,323,Center,Merunduk
2026-06-11 10:13:26,289,306,Center,Merunduk
2026-06-11 10:13:26,290,294,Center,Merunduk
2026-06-11 10:13:29,324,273,Center,Merunduk
2026-06-11 10:13:29,324,335,Center,Merunduk
2026-06-11 10:13:30,337,279,Center,Merunduk
2026-06-11 10:13:33,431,195,Right,Geser Kanan
2026-06-11 10:13:37,430,123,Right,Geser Kanan
2026-06-11 10:13:46,319,178,Center,Lompat
2026-06-11 10:13:49,428,202,Right,Geser Kanan
2026-06-11 10:13:51,428,208,Right,Geser Kanan
2026-06-11 10:13:54,222,192,Left,Geser Kiri
2026-06-11 10:14:10,425,200,Right,Geser Kanan
2026-06-11 10:14:12,449,205,Right,Geser Kanan
2026-06-11 10:14:14,217,187,Left,Geser Kiri
2026-06-11 10:14:27,359,200,Center,Lompat
2026-06-11 10:14:27,356,187,Center,Lompat
2026-06-11 10:14:27,344,181,Center,Lompat
2026-06-11 10:14:28,334,180,Center,Lompat
2026-06-11 10:14:28,329,180,Center,Lompat
2026-06-11 10:14:29,309,176,Center,Lompat
2026-06-11 10:14:29,294,172,Center,Lompat
2026-06-11 10:14:30,295,173,Center,Lompat
2026-06-11 10:14:30,296,176,Center,Lompat
2026-06-11 10:14:31,279,176,Center,Lompat
2026-06-11 10:14:31,281,177,Center,Lompat
2026-06-11 10:14:32,282,185,Center,Lompat
2026-06-11 10:14:33,291,183,Center,Lompat
2026-06-11 10:14:33,286,183,Center,Lompat
2026-06-11 10:14:34,287,181,Center,Lompat
2026-06-11 10:14:35,292,184,Center,Lompat
2026-06-11 10:14:36,293,185,Center,Lompat
2026-06-11 10:14:36,294,185,Center,Lompat
2026-06-11 10:14:37,295,185,Center,Lompat
2026-06-11 10:14:37,295,186,Center,Lompat
2026-06-11 10:14:38,292,185,Center,Lompat
2026-06-11 10:14:39,283,177,Center,Lompat
2026-06-11 10:14:40,282,177,Center,Lompat
2026-06-11 10:14:40,283,178,Center,Lompat
2026-06-11 10:14:41,287,177,Center,Lompat
2026-06-11 10:14:41,287,177,Center,Lompat
2026-06-11 10:14:42,288,177,Center,Lompat
2026-06-11 10:14:48,313,179,Center,Lompat
2026-06-11 10:14:49,315,179,Center,Lompat
2026-06-11 10:14:49,313,180,Center,Lompat
2026-06-11 10:14:50,299,181,Center,Lompat
2026-06-11 10:14:51,300,182,Center,Lompat
2026-06-11 10:14:51,299,181,Center,Lompat
2026-06-11 10:14:52,300,179,Center,Lompat
2026-06-11 10:14:52,300,177,Center,Lompat
2026-06-11 10:14:53,300,177,Center,Lompat
2026-06-11 10:14:56,308,165,Center,Lompat
2026-06-11 10:14:58,332,172,Center,Lompat
2026-06-11 10:14:58,336,166,Center,Lompat
2026-06-11 10:18:12,322,183,Center,Lompat
2026-06-11 10:18:14,218,186,Left,Geser Kiri
2026-06-11 10:18:17,422,203,Right,Geser Kanan
2026-06-11 10:18:21,418,200,Right,Geser Kanan
2026-06-11 10:18:48,381,190,Center,Lompat
2026-06-11 10:18:49,340,186,Center,Lompat
2026-06-11 10:18:49,296,191,Center,Lompat
2026-06-11 10:18:50,296,191,Center,Lompat
2026-06-11 10:18:50,293,192,Center,Lompat
2026-06-11 10:18:51,290,188,Center,Lompat
2026-06-11 10:18:51,290,188,Center,Lompat
2026-06-11 10:18:52,291,187,Center,Lompat
2026-06-11 10:18:52,291,187,Center,Lompat
2026-06-11 10:18:52,292,187,Center,Lompat
2026-06-11 10:18:53,292,186,Center,Lompat
2026-06-11 10:18:53,291,186,Center,Lompat
2026-06-11 10:18:54,291,186,Center,Lompat
2026-06-11 10:18:54,292,184,Center,Lompat
2026-06-11 10:18:55,292,183,Center,Lompat
2026-06-11 10:18:55,292,184,Center,Lompat
2026-06-11 10:18:56,292,184,Center,Lompat
2026-06-11 10:18:56,292,184,Center,Lompat
2026-06-11 10:18:57,292,184,Center,Lompat
2026-06-11 10:18:57,291,185,Center,Lompat
2026-06-11 10:18:57,291,185,Center,Lompat
2026-06-11 10:18:58,291,185,Center,Lompat
2026-06-11 10:18:58,249,185,Center,Lompat
2026-06-11 10:18:59,255,187,Center,Lompat
2026-06-11 10:18:59,257,190,Center,Lompat
2026-06-11 10:19:00,258,190,Center,Lompat
2026-06-11 10:19:00,252,191,Center,Lompat
2026-06-11 10:19:01,253,192,Center,Lompat
2026-06-11 10:19:01,252,192,Center,Lompat
2026-06-11 10:19:01,251,192,Center,Lompat
2026-06-11 10:19:02,249,193,Center,Lompat
2026-06-11 10:19:02,247,193,Center,Lompat
2026-06-11 10:19:03,284,187,Center,Lompat
2026-06-11 10:19:03,276,192,Center,Lompat
2026-06-11 10:19:04,276,195,Center,Lompat
2026-06-11 10:19:04,318,189,Center,Lompat
2026-06-11 10:19:05,315,184,Center,Lompat
2026-06-11 10:19:05,290,189,Center,Lompat
2026-06-11 10:19:06,277,190,Center,Lompat
2026-06-11 10:19:06,263,194,Center,Lompat
2026-06-11 10:19:06,258,193,Center,Lompat
2026-06-11 10:19:07,261,193,Center,Lompat
2026-06-11 10:19:07,263,194,Center,Lompat
2026-06-11 10:19:08,263,196,Center,Lompat
2026-06-11 10:19:08,263,198,Center,Lompat
2026-06-11 10:19:09,263,200,Center,Lompat
2026-06-11 10:19:09,265,199,Center,Lompat
2026-06-11 10:19:10,268,196,Center,Lompat
2026-06-11 10:19:10,269,196,Center,Lompat
2026-06-11 10:19:10,269,196,Center,Lompat
2026-06-11 10:19:11,269,196,Center,Lompat
2026-06-11 10:19:11,269,193,Center,Lompat
2026-06-11 10:19:12,269,193,Center,Lompat
2026-06-11 10:19:12,268,194,Center,Lompat
2026-06-11 10:19:13,268,194,Center,Lompat
2026-06-11 10:19:13,271,194,Center,Lompat
2026-06-11 10:19:14,275,194,Center,Lompat
2026-06-11 10:19:18,308,179,Center,Lompat
2026-06-11 10:19:18,286,175,Center,Lompat
2026-06-11 10:19:21,351,180,Center,Lompat
2026-06-11 10:19:22,350,182,Center,Lompat
2026-06-11 10:19:23,350,183,Center,Lompat
2026-06-11 10:19:24,346,183,Center,Lompat
2026-06-11 10:19:24,288,184,Center,Lompat
2026-06-11 10:19:24,270,187,Center,Lompat
2026-06-11 10:19:25,259,183,Center,Lompat
2026-06-11 10:19:25,256,181,Center,Lompat
2026-06-11 10:19:26,262,181,Center,Lompat
2026-06-11 10:19:26,264,178,Center,Lompat
2026-06-11 10:19:27,267,177,Center,Lompat
2026-06-11 10:19:27,280,177,Center,Lompat
2026-06-11 10:19:28,334,179,Center,Lompat
2026-06-11 10:19:33,348,175,Center,Lompat
2026-06-11 10:19:37,338,181,Center,Lompat
2026-06-11 10:19:37,341,181,Center,Lompat
2026-06-11 10:19:43,367,180,Center,Lompat
2026-06-11 10:19:58,215,188,Left,Geser Kiri
2026-06-11 10:20:01,318,172,Center,Lompat
2026-06-11 10:20:01,313,171,Center,Lompat
2026-06-11 10:20:04,432,195,Right,Geser Kanan
2026-06-11 10:20:05,214,192,Left,Geser Kiri
2026-06-11 10:20:05,-21,221,Left,Merunduk
2026-06-11 10:20:07,302,177,Center,Lompat
2026-06-11 10:20:07,325,167,Center,Lompat
2026-06-11 10:20:09,332,225,Center,Merunduk
2026-06-11 10:20:09,336,305,Center,Merunduk
2026-06-11 10:20:10,335,311,Center,Merunduk
2026-06-11 10:20:10,340,287,Center,Merunduk
2026-06-11 10:20:11,481,200,Right,Geser Kanan
2026-06-11 10:20:13,182,197,Left,Geser Kiri
2026-06-11 10:20:14,319,174,Center,Lompat
2026-06-11 10:20:15,339,169,Center,Lompat
2026-06-11 10:20:15,331,170,Center,Lompat
2026-06-11 10:20:15,331,173,Center,Lompat
2026-06-11 10:20:16,331,173,Center,Lompat
2026-06-11 10:20:16,330,173,Center,Lompat
2026-06-11 10:20:17,331,173,Center,Lompat
2026-06-11 10:20:17,330,172,Center,Lompat
2026-06-11 10:20:19,324,186,Center,Lompat
2026-06-11 10:20:19,320,182,Center,Lompat
2026-06-11 10:20:24,434,195,Right,Geser Kanan
2026-06-11 10:20:25,223,191,Left,Geser Kiri
2026-06-11 10:20:27,417,185,Right,Geser Kanan
2026-06-11 10:20:28,187,196,Left,Geser Kiri
2026-06-11 10:20:30,430,190,Right,Geser Kanan
2026-06-11 10:20:31,210,187,Left,Geser Kiri
2026-06-11 10:20:35,326,183,Center,Lompat
2026-06-11 10:20:36,327,182,Center,Lompat
2026-06-11 10:20:39,464,199,Right,Geser Kanan
2026-06-11 10:20:40,419,183,Right,Lompat
2026-06-11 10:20:40,374,177,Right,Lompat
2026-06-11 10:20:55,417,188,Right,Geser Kanan
2026-06-11 10:20:57,189,199,Left,Geser Kiri
2026-06-11 10:20:57,50,222,Left,Merunduk
2026-06-11 10:20:58,141,197,Left,Lompat
2026-06-11 10:20:58,245,168,Left,Lompat
2026-06-11 10:20:59,221,192,Left,Geser Kiri
2026-06-11 10:21:01,312,170,Center,Lompat
2026-06-11 10:21:01,364,172,Center,Lompat
2026-06-11 10:21:09,330,180,Center,Lompat
2026-06-11 10:21:10,323,171,Center,Lompat
2026-06-11 10:21:10,331,230,Center,Merunduk
2026-06-11 10:21:11,399,357,Center,Lompat
2026-06-11 10:21:11,392,398,Center,Lompat
2026-06-11 10:21:12,371,272,Center,Merunduk
2026-06-11 10:21:19,315,180,Center,Lompat
2026-06-11 10:21:20,298,174,Center,Lompat
2026-06-11 10:21:20,292,173,Center,Lompat
2026-06-11 10:21:21,292,173,Center,Lompat
2026-06-11 10:21:32,379,194,Center,Lompat
2026-06-11 10:21:46,295,180,Center,Lompat
2026-06-11 10:21:46,293,172,Center,Lompat
2026-06-11 10:21:47,293,171,Center,Lompat
2026-06-11 10:21:48,448,210,Right,Geser Kanan
2026-06-11 10:21:50,302,224,Center,Merunduk
2026-06-11 10:21:50,360,291,Center,Merunduk
2026-06-11 10:21:51,371,268,Center,Merunduk
2026-06-11 10:21:51,195,191,Left,Geser Kiri
2026-06-11 10:21:54,212,191,Left,Geser Kiri
2026-06-11 10:21:57,419,205,Right,Geser Kanan
2026-06-11 10:21:59,198,199,Left,Geser Kiri
2026-06-11 10:22:02,391,221,Center,Merunduk
2026-06-11 10:22:03,379,341,Center,Merunduk
2026-06-11 10:22:03,344,312,Center,Merunduk
2026-06-11 10:22:04,328,316,Center,Merunduk
2026-06-11 10:22:04,315,317,Center,Merunduk
2026-06-11 10:22:04,312,320,Center,Merunduk
2026-06-11 11:02:10,261,349,Center,Merunduk
2026-06-11 11:02:10,269,350,Center,Merunduk
2026-06-11 11:02:10,272,350,Center,Merunduk
2026-06-11 11:02:11,275,352,Center,Merunduk
2026-06-11 11:02:11,275,354,Center,Merunduk
2026-06-11 11:02:12,286,356,Center,Lompat
2026-06-11 11:02:12,306,355,Center,Merunduk
2026-06-11 11:02:13,308,358,Center,Merunduk
2026-06-11 11:02:13,307,358,Center,Merunduk
2026-06-11 11:02:14,292,361,Center,Merunduk
2026-06-11 11:02:14,277,367,Center,Merunduk
2026-06-11 11:02:15,314,378,Center,Merunduk
2026-06-11 11:02:15,335,383,Center,Merunduk
2026-06-11 11:02:15,335,362,Center,Merunduk
2026-06-11 11:02:16,344,255,Center,Merunduk
2026-06-11 11:02:22,295,258,Center,Merunduk
2026-06-11 11:02:23,335,369,Center,Merunduk
2026-06-11 11:02:23,328,381,Center,Merunduk
2026-06-11 11:02:24,327,374,Center,Merunduk
2026-06-11 11:02:24,332,323,Center,Merunduk
2026-06-11 11:02:24,330,271,Center,Merunduk
2026-06-11 11:02:25,313,267,Center,Merunduk
2026-06-11 11:02:25,288,265,Center,Merunduk
2026-06-11 11:02:26,284,263,Center,Merunduk
2026-06-11 11:02:29,324,216,Center,Lompat
2026-06-11 11:02:29,327,227,Center,Lompat
2026-06-11 11:02:30,319,244,Center,Lompat
2026-06-11 11:02:30,314,248,Center,Lompat
2026-06-11 11:02:31,313,248,Center,Lompat
2026-06-11 11:02:31,313,247,Center,Lompat
2026-06-11 11:02:32,320,248,Center,Lompat
2026-06-11 11:02:32,329,262,Center,Merunduk
2026-06-11 11:02:32,344,261,Center,Merunduk
2026-06-11 11:02:33,335,261,Center,Merunduk
2026-06-11 11:02:33,185,273,Center,Merunduk
2026-06-11 11:02:34,141,275,Center,Merunduk
2026-06-11 11:02:34,138,240,Left,Geser Kiri
2026-06-11 11:02:36,418,245,Right,Geser Kanan
2026-06-11 11:02:43,320,255,Center,Merunduk
2026-06-11 11:02:44,337,259,Center,Merunduk
2026-06-11 11:02:45,316,263,Center,Merunduk
2026-06-11 11:02:47,374,211,Center,Lompat
2026-06-11 11:02:48,364,211,Center,Lompat
2026-06-11 11:02:48,359,212,Center,Lompat
2026-06-11 11:02:49,383,216,Center,Lompat
2026-06-11 11:03:04,386,216,Center,Lompat
2026-06-11 11:03:04,393,211,Center,Lompat
2026-06-11 11:03:13,220,242,Left,Geser Kiri
2026-06-11 11:03:14,191,202,Left,Geser Kiri
2026-06-11 11:03:15,28,129,Left,Lompat
2026-06-11 11:03:15,44,143,Left,Lompat
2026-06-11 11:03:15,94,359,Left,Merunduk
2026-06-11 11:03:22,373,255,Center,Merunduk
2026-06-11 11:03:23,390,259,Center,Merunduk
2026-06-11 11:03:23,389,262,Center,Merunduk
2026-06-11 11:03:24,390,263,Center,Merunduk
2026-06-11 11:03:24,392,265,Center,Merunduk
2026-06-11 11:03:24,387,261,Center,Merunduk
2026-06-11 11:03:25,378,260,Center,Merunduk
2026-06-11 11:03:25,373,259,Center,Merunduk
2026-06-11 11:03:26,374,259,Center,Merunduk
2026-06-11 11:03:26,374,258,Center,Merunduk
2026-06-11 11:03:27,382,258,Center,Merunduk
2026-06-11 11:03:27,389,261,Center,Merunduk
2026-06-11 11:03:27,390,262,Center,Merunduk
2026-06-11 11:03:28,392,262,Center,Merunduk
2026-06-11 11:03:28,392,262,Center,Merunduk
2026-06-11 11:03:29,391,262,Center,Merunduk
2026-06-11 11:03:29,390,263,Center,Merunduk
2026-06-11 11:03:30,390,263,Center,Merunduk
2026-06-11 11:03:30,389,262,Center,Merunduk
2026-06-11 11:03:30,389,262,Center,Merunduk
2026-06-11 11:03:31,389,262,Center,Merunduk
2026-06-11 11:03:31,390,262,Center,Merunduk
2026-06-11 11:03:32,391,262,Center,Merunduk
2026-06-11 11:03:32,392,262,Center,Merunduk
2026-06-11 11:03:32,390,262,Center,Merunduk
2026-06-11 11:03:33,389,262,Center,Merunduk
2026-06-11 11:03:33,389,262,Center,Merunduk
2026-06-11 11:03:34,389,262,Center,Merunduk
2026-06-11 11:03:34,389,263,Center,Merunduk
2026-06-11 11:03:35,389,263,Center,Merunduk
2026-06-11 11:03:35,390,263,Center,Merunduk
2026-06-11 11:03:35,391,263,Center,Merunduk
2026-06-11 11:03:36,391,263,Center,Merunduk
2026-06-11 11:03:36,384,262,Center,Merunduk
2026-06-11 11:03:37,349,257,Center,Merunduk
2026-06-11 11:03:48,420,233,Right,Geser Kanan
2026-06-11 11:03:56,417,242,Right,Geser Kanan
2026-06-11 11:04:03,361,232,Center,Lompat
2026-06-11 11:04:04,354,230,Center,Lompat
2026-06-11 11:04:13,217,253,Left,Geser Kiri
2026-06-11 11:04:16,221,186,Left,Geser Kiri
2026-06-11 11:04:21,356,255,Center,Merunduk
2026-06-11 11:04:21,316,264,Center,Merunduk
2026-06-11 11:04:22,299,273,Center,Merunduk
2026-06-11 11:04:22,305,273,Center,Merunduk
2026-06-11 11:04:23,336,274,Center,Merunduk
2026-06-11 11:04:23,346,275,Center,Merunduk
2026-06-11 11:04:24,344,268,Center,Merunduk
2026-06-11 11:04:24,294,258,Center,Merunduk
2026-06-11 11:04:28,392,255,Center,Merunduk
2026-06-11 11:04:28,390,256,Center,Merunduk
2026-06-11 11:04:28,389,256,Center,Merunduk
2026-06-11 11:04:38,429,245,Right,Geser Kanan
2026-06-11 11:04:41,222,253,Left,Geser Kiri
2026-06-11 11:04:42,321,236,Center,Lompat
2026-06-11 11:04:44,220,248,Left,Geser Kiri
2026-06-11 11:04:53,294,255,Center,Merunduk
2026-06-11 11:04:53,290,258,Center,Merunduk
2026-06-11 11:04:54,279,262,Center,Merunduk
2026-06-11 11:04:54,280,262,Center,Merunduk
2026-06-11 11:04:55,283,263,Center,Merunduk
2026-06-11 11:04:55,296,261,Center,Merunduk
2026-06-11 11:04:56,313,256,Center,Merunduk
2026-06-11 11:04:57,307,264,Center,Merunduk
2026-06-11 11:04:58,307,305,Center,Merunduk
2026-06-11 11:04:58,307,306,Center,Merunduk
2026-06-11 11:04:59,200,250,Left,Geser Kiri
2026-06-11 11:05:02,441,259,Center,Merunduk
2026-06-11 11:05:03,504,252,Right,Geser Kanan
2026-06-11 11:05:04,219,231,Left,Geser Kiri
2026-06-11 11:05:05,30,259,Left,Merunduk
2026-06-11 11:05:05,473,333,Left,Merunduk
2026-06-11 11:05:06,413,353,Left,Merunduk
2026-06-11 11:05:06,396,355,Left,Merunduk
2026-06-11 11:05:07,361,359,Left,Merunduk
2026-06-11 11:05:07,359,365,Left,Merunduk
